amfi_code,tracking_error
148569,1.487868958648671
120503,1.2775047640903985
119551,1.332000260338648
120841,1.1907253659101287
119092,0.8575081956730606
